id_gene,gene,is_core,is_conserved,is_ortho_metric_nodes
ENSG00000000457,SCYL3,True,True,False
ENSG00000004838,ZMYND10,True,True,True
ENSG00000004975,DVL2,True,True,True
ENSG00000005007,UPF1,True,True,True
ENSG00000005175,RPAP3,True,True,True
ENSG00000005194,CIAPIN1,True,True,True
ENSG00000005469,CROT,True,False,False
ENSG00000006047,YBX2,True,True,False
ENSG00000006576,PHTF2,True,True,True
ENSG00000006744,ELAC2,True,True,True
ENSG00000007392,LUC7L,True,True,True
ENSG00000007516,BAIAP3,True,True,False
ENSG00000008838,MED24,True,True,True
ENSG00000009335,UBE3C,True,True,True
ENSG00000010072,SPRTN,True,True,True
ENSG00000010244,ZNF207,True,True,False
ENSG00000011198,ABHD5,True,True,True
ENSG00000011258,MBTD1,True,True,False
ENSG00000011426,ANLN,True,True,False
ENSG00000011485,PPP5C,True,True,True
ENSG00000012983,MAP4K5,True,True,False
ENSG00000013573,DDX11,True,False,False
ENSG00000014138,POLA2,True,True,True
ENSG00000014164,ZC3H3,True,True,True
ENSG00000015413,DPEP1,True,True,False
ENSG00000020922,MRE11,True,False,False
ENSG00000022840,RNF10,True,True,True
ENSG00000022976,ZNF839,True,False,False
ENSG00000023287,RB1CC1,True,True,True
ENSG00000027001,MIPEP,True,True,True
ENSG00000028528,SNX1,True,True,True
ENSG00000029725,RABEP1,True,True,True
ENSG00000032742,IFT88,True,True,True
ENSG00000033100,CHPF2,True,False,False
ENSG00000033122,LRRC7,True,True,False
ENSG00000033627,ATP6V0A1,True,True,False
ENSG00000033867,SLC4A7,True,True,False
ENSG00000037474,NSUN2,True,True,True
ENSG00000038219,BOD1L1,True,True,False
ENSG00000042429,MED17,True,True,True
ENSG00000047346,FAM214A,True,True,False
ENSG00000048405,ZNF800,True,True,False
ENSG00000049656,CLPTM1L,True,True,True
ENSG00000050438,SLC4A8,True,True,True
ENSG00000051341,POLQ,True,True,False
ENSG00000052795,FNIP2,True,True,True
ENSG00000053372,MRTO4,True,True,True
ENSG00000055147,FAM114A2,True,True,False
ENSG00000055950,MRPL43,True,True,True
ENSG00000056097,ZFR,True,True,True
ENSG00000060642,PIGV,True,True,True
ENSG00000060709,RIMBP2,True,False,False
ENSG00000063244,U2AF2,True,True,True
ENSG00000063854,HAGH,True,True,True
ENSG00000064419,TNPO3,True,True,False
ENSG00000065135,GNAI3,True,False,False
ENSG00000065268,WDR18,True,False,False
ENSG00000066117,SMARCD1,True,True,True
ENSG00000066322,ELOVL1,True,True,False
ENSG00000066926,FECH,True,True,True
ENSG00000067057,PFKP,True,True,True
ENSG00000067113,PLPP1,True,True,False
ENSG00000068366,ACSL4,True,True,False
ENSG00000069248,NUP133,True,True,True
ENSG00000069424,KCNAB2,True,False,False
ENSG00000070614,NDST1,True,True,True
ENSG00000070759,TESK2,True,True,False
ENSG00000071462,BUD23,True,True,True
ENSG00000071626,DAZAP1,True,True,True
ENSG00000072518,MARK2,True,True,False
ENSG00000072778,ACADVL,True,True,True
ENSG00000072958,AP1M1,True,True,True
ENSG00000073060,SCARB1,True,True,False
ENSG00000073146,MOV10L1,True,True,True
ENSG00000073417,PDE8A,True,True,True
ENSG00000073670,ADAM11,True,False,False
ENSG00000074696,HACD3,True,True,False
ENSG00000075239,ACAT1,True,True,True
ENSG00000075702,WDR62,True,True,True
ENSG00000075886,TUBA3D,True,True,True
ENSG00000075914,EXOSC7,True,True,True
ENSG00000076043,REXO2,True,True,True
ENSG00000076650,GPATCH1,True,True,True
ENSG00000077097,TOP2B,True,True,True
ENSG00000077235,GTF3C1,True,True,True
ENSG00000078070,MCCC1,True,True,True
ENSG00000078142,PIK3C3,True,False,False
ENSG00000078403,MLLT10,True,True,True
ENSG00000078668,VDAC3,True,True,False
ENSG00000079134,THOC1,True,True,True
ENSG00000079387,SENP1,True,True,False
ENSG00000079785,DDX1,True,True,True
ENSG00000080007,DDX43,True,True,False
ENSG00000080503,SMARCA2,True,True,True
ENSG00000080824,HSP90AA1,True,True,True
ENSG00000081052,COL4A4,True,False,False
ENSG00000081177,EXD2,True,True,True
ENSG00000081320,STK17B,True,True,False
ENSG00000082068,WDR70,True,True,True
ENSG00000083168,KAT6A,True,True,True
ENSG00000084090,STARD7,True,True,True
ENSG00000084092,NOA1,True,True,True
ENSG00000084234,APLP2,True,False,False
ENSG00000084710,EFR3B,True,True,True
ENSG00000085365,SCAMP1,True,True,True
ENSG00000085449,WDFY1,True,True,False
ENSG00000085788,DDHD2,True,True,False
ENSG00000085999,RAD54L,True,True,True
ENSG00000086589,RBM22,True,True,True
ENSG00000086619,ERO1B,True,True,True
ENSG00000087111,PIGS,True,True,True
ENSG00000087302,RTRAF,True,True,True
ENSG00000088833,NSFL1C,True,True,True
ENSG00000089006,SNX5,True,True,True
ENSG00000089123,TASP1,True,True,False
ENSG00000089685,BIRC5,True,True,False
ENSG00000089902,RCOR1,True,True,True
ENSG00000090520,DNAJB11,True,True,True
ENSG00000092108,SCFD1,True,True,True
ENSG00000092148,HECTD1,True,True,True
ENSG00000092201,SUPT16H,True,True,True
ENSG00000094914,AAAS,True,True,False
ENSG00000095319,NUP188,True,False,False
ENSG00000096717,SIRT1,True,True,False
ENSG00000097046,CDC7,True,True,True
ENSG00000099381,SETD1A,True,True,True
ENSG00000099783,HNRNPM,True,True,True
ENSG00000100023,PPIL2,True,False,False
ENSG00000100027,YPEL1,True,True,True
ENSG00000100121,GGTLC2,True,False,False
ENSG00000100124,ANKRD54,True,True,True
ENSG00000100221,JOSD1,True,True,True
ENSG00000100330,MTMR3,True,True,True
ENSG00000100387,RBX1,True,True,True
ENSG00000100417,PMM1,True,True,True
ENSG00000100425,BRD1,True,True,True
ENSG00000100632,ERH,True,True,True
ENSG00000100796,PPP4R3A,True,True,True
ENSG00000100916,BRMS1L,True,True,True
ENSG00000100941,PNN,True,True,True
ENSG00000101019,UQCC1,True,True,True
ENSG00000101189,MRGBP,True,True,True
ENSG00000101391,CDK5RAP1,True,True,True
ENSG00000101464,PIGU,True,True,True
ENSG00000101574,METTL4,True,True,True
ENSG00000101577,LPIN2,True,True,True
ENSG00000102710,SUPT20H,True,True,False
ENSG00000102900,NUP93,True,True,True
ENSG00000102967,DHODH,True,True,True
ENSG00000103051,COG4,True,True,True
ENSG00000103064,SLC7A6,True,True,False
ENSG00000103245,CIAO3,True,True,True
ENSG00000103249,CLCN7,True,True,False
ENSG00000103540,CCP110,True,True,True
ENSG00000103723,AP3B2,True,True,False
ENSG00000103769,RAB11A,True,True,True
ENSG00000104133,SPG11,True,True,True
ENSG00000104671,DCTN6,True,True,True
ENSG00000104723,TUSC3,True,True,True
ENSG00000104883,PEX11G,True,True,False
ENSG00000105011,ASF1B,True,True,True
ENSG00000105171,POP4,True,True,True
ENSG00000105185,PDCD5,True,True,True
ENSG00000105258,POLR2I,True,False,False
ENSG00000105341,DMAC2,True,True,True
ENSG00000105479,CCDC114,True,True,True
ENSG00000105568,PPP2R1A,True,True,True
ENSG00000105576,TNPO2,True,True,False
ENSG00000105664,COMP,True,True,False
ENSG00000105879,CBLL1,True,True,True
ENSG00000105926,MPP6,True,True,False
ENSG00000105948,TTC26,True,True,False
ENSG00000106246,PTCD1,True,True,False
ENSG00000106355,LSM5,True,True,True
ENSG00000106462,EZH2,True,True,True
ENSG00000106588,PSMA2,True,True,True
ENSG00000106628,POLD2,True,True,True
ENSG00000106976,DNM1,True,False,False
ENSG00000107164,FUBP3,True,True,True
ENSG00000107185,RGP1,True,True,True
ENSG00000107290,SETX,True,False,False
ENSG00000107669,ATE1,True,True,True
ENSG00000108349,CASC3,True,True,True
ENSG00000108424,KPNB1,True,True,True
ENSG00000108443,RPS6KB1,True,True,True
ENSG00000108465,CDK5RAP3,True,True,True
ENSG00000108468,CBX1,True,True,False
ENSG00000108474,PIGL,True,True,True
ENSG00000108591,DRG2,True,True,True
ENSG00000108604,SMARCD2,True,True,True
ENSG00000108799,EZH1,True,True,True
ENSG00000108826,MRPL27,True,True,True
ENSG00000108848,LUC7L3,True,True,True
ENSG00000109061,MYH1,True,True,False
ENSG00000109065,NAT9,True,True,True
ENSG00000109381,ELF2,True,True,False
ENSG00000109534,GAR1,True,True,True
ENSG00000109689,STIM2,True,True,True
ENSG00000110107,PRPF19,True,False,False
ENSG00000110344,UBE4A,True,True,True
ENSG00000110367,DDX6,True,True,True
ENSG00000110711,AIP,True,True,True
ENSG00000111058,ACSS3,True,False,False
ENSG00000111300,NAA25,True,True,True
ENSG00000111361,EIF2B1,True,True,True
ENSG00000111530,CAND1,True,True,True
ENSG00000111652,COPS7A,True,True,True
ENSG00000111666,CHPT1,True,True,True
ENSG00000111667,USP5,True,True,True
ENSG00000111674,ENO2,True,True,True
ENSG00000111684,LPCAT3,True,True,True
ENSG00000111725,PRKAB1,True,True,True
ENSG00000111731,C2CD5,True,True,True
ENSG00000111785,RIC8B,True,True,False
ENSG00000112062,MAPK14,True,True,True
ENSG00000112079,STK38,True,True,True
ENSG00000112096,SOD2,True,True,True
ENSG00000112282,MED23,True,True,True
ENSG00000112685,EXOC2,True,True,True
ENSG00000112739,PRPF4B,True,True,True
ENSG00000112977,DAP,True,True,True
ENSG00000112984,KIF20A,True,True,False
ENSG00000112996,MRPS30,True,True,True
ENSG00000113141,IK,True,True,True
ENSG00000113231,PDE8B,True,True,True
ENSG00000113621,TXNDC15,True,True,False
ENSG00000113649,TCERG1,True,True,False
ENSG00000113734,BNIP1,True,True,True
ENSG00000113742,CPEB4,True,True,False
ENSG00000113810,SMC4,True,True,True
ENSG00000113845,TIMMDC1,True,True,True
ENSG00000114026,OGG1,True,False,False
ENSG00000114346,ECT2,True,True,True
ENSG00000114857,NKTR,True,True,False
ENSG00000114978,MOB1A,True,True,True
ENSG00000114982,KANSL3,True,True,True
ENSG00000115109,EPB41L5,True,True,True
ENSG00000115233,PSMD14,True,True,True
ENSG00000115317,HTRA2,True,True,False
ENSG00000115355,CCDC88A,True,True,True
ENSG00000115392,FANCL,True,True,True
ENSG00000115421,PAPOLG,True,True,False
ENSG00000115446,UNC50,True,True,True
ENSG00000115524,SF3B1,True,True,True
ENSG00000115540,MOB4,True,True,True
ENSG00000115649,CNPPD1,True,True,True
ENSG00000115694,STK25,True,True,True
ENSG00000115866,DARS,True,True,True
ENSG00000115993,TRAK2,True,True,True
ENSG00000116106,EPHA4,True,True,False
ENSG00000116141,MARK1,True,True,True
ENSG00000116191,RALGPS2,True,True,False
ENSG00000116237,ICMT,True,True,True
ENSG00000116337,AMPD2,True,True,False
ENSG00000116580,GON4L,True,True,False
ENSG00000116754,SRSF11,True,True,False
ENSG00000116830,TTF2,True,True,False
ENSG00000116903,EXOC8,True,True,True
ENSG00000117262,GPR89A,True,True,False
ENSG00000117399,CDC20,True,True,True
ENSG00000117425,PTCH2,True,False,False
ENSG00000117461,PIK3R3,True,True,True
ENSG00000117523,PRRC2C,True,True,True
ENSG00000117569,PTBP2,True,True,False
ENSG00000117906,RCN2,True,True,False
ENSG00000118579,MED28,True,True,True
ENSG00000118705,RPN2,True,True,True
ENSG00000119121,TRPM6,True,False,False
ENSG00000119640,ACYP1,True,True,True
ENSG00000119650,IFT43,True,True,True
ENSG00000119689,DLST,True,True,True
ENSG00000119760,SUPT7L,True,True,True
ENSG00000119929,CUTC,True,True,True
ENSG00000120251,GRIA2,True,True,True
ENSG00000120688,WBP4,True,True,False
ENSG00000120798,NR2C1,True,True,False
ENSG00000120948,TARDBP,True,True,True
ENSG00000121390,PSPC1,True,True,False
ENSG00000121481,RNF2,True,True,True
ENSG00000121774,KHDRBS1,True,True,False
ENSG00000122566,HNRNPA2B1,True,True,True
ENSG00000122591,FAM126A,True,True,False
ENSG00000122674,CCZ1,True,True,True
ENSG00000122735,DNAI1,True,True,True
ENSG00000122966,CIT,True,True,True
ENSG00000122971,ACADS,True,True,True
ENSG00000123136,DDX39A,True,True,True
ENSG00000123154,WDR83,True,True,False
ENSG00000123374,CDK2,True,True,True
ENSG00000123505,AMD1,True,True,True
ENSG00000123636,BAZ2B,True,True,False
ENSG00000123975,CKS2,True,True,True
ENSG00000123989,CHPF,True,False,False
ENSG00000124160,NCOA5,True,True,True
ENSG00000124171,PARD6B,True,True,True
ENSG00000124222,STX16,True,True,True
ENSG00000124383,MPHOSPH10,True,True,True
ENSG00000124562,SNRPC,True,True,True
ENSG00000124659,TBCC,True,True,True
ENSG00000125122,LRRC29,True,True,True
ENSG00000125149,C16orf70,True,False,False
ENSG00000125386,FAM193A,True,False,False
ENSG00000125652,ALKBH7,True,True,True
ENSG00000125686,MED1,True,True,True
ENSG00000125703,ATG4C,True,True,True
ENSG00000125734,GPR108,True,True,False
ENSG00000125772,GPCPD1,True,True,True
ENSG00000125779,PANK2,True,True,True
ENSG00000126062,TMEM115,True,True,True
ENSG00000126226,PCID2,True,True,True
ENSG00000126249,PDCD2L,True,True,False
ENSG00000126749,EMG1,True,True,True
ENSG00000126787,DLGAP5,True,True,False
ENSG00000126803,HSPA2,True,True,True
ENSG00000127337,YEATS4,True,True,True
ENSG00000127564,PKMYT1,True,True,True
ENSG00000127580,WDR24,True,True,True
ENSG00000127616,SMARCA4,True,True,True
ENSG00000128159,TUBGCP6,True,True,True
ENSG00000128228,SDF2L1,True,True,True
ENSG00000128272,ATF4,True,True,False
ENSG00000128578,STRIP2,True,True,True
ENSG00000128654,MTX2,True,True,True
ENSG00000128656,CHN1,True,True,False
ENSG00000128872,TMOD2,True,True,True
ENSG00000128928,IVD,True,True,True
ENSG00000129245,FXR2,True,True,True
ENSG00000129347,KRI1,True,True,False
ENSG00000129354,AP1M2,True,True,True
ENSG00000129654,FOXJ1,True,True,True
ENSG00000129691,ASH2L,True,True,True
ENSG00000130204,TOMM40,True,True,True
ENSG00000130224,LRCH2,True,True,False
ENSG00000130653,PNPLA7,True,True,True
ENSG00000130714,POMT1,True,False,False
ENSG00000130734,ATG4D,True,True,True
ENSG00000131153,GINS2,True,False,False
ENSG00000131398,KCNC3,True,True,False
ENSG00000131437,KIF3A,True,True,True
ENSG00000131459,GFPT2,True,True,True
ENSG00000131747,TOP2A,True,True,True
ENSG00000131788,PIAS3,True,True,True
ENSG00000131791,PRKAB2,True,True,True
ENSG00000132024,CC2D1A,True,True,False
ENSG00000132294,EFR3A,True,True,True
ENSG00000132300,PTCD3,True,True,True
ENSG00000132341,RAN,True,True,True
ENSG00000132424,PNISR,True,True,True
ENSG00000132436,FIGNL1,True,True,False
ENSG00000132640,BTBD3,True,True,False
ENSG00000132646,PCNA,True,True,True
ENSG00000132972,RNF17,True,False,False
ENSG00000133020,MYH8,True,True,True
ENSG00000133398,MED10,True,True,True
ENSG00000133606,MKRN1,True,True,True
ENSG00000133884,DPF2,True,True,False
ENSG00000133961,NUMB,True,True,False
ENSG00000134046,MBD2,True,True,True
ENSG00000134121,CHL1,True,False,False
ENSG00000134245,WNT2B,True,True,True
ENSG00000134569,LRP4,True,False,False
ENSG00000134698,AGO4,True,True,True
ENSG00000134717,BTF3L4,True,True,True
ENSG00000135211,TMEM60,True,True,True
ENSG00000135297,MTO1,True,True,True
ENSG00000135334,AKIRIN2,True,True,False
ENSG00000135372,NAT10,True,False,False
ENSG00000135473,PAN2,True,True,True
ENSG00000135476,ESPL1,True,False,False
ENSG00000135503,ACVR1B,True,True,True
ENSG00000135617,PRADC1,True,False,False
ENSG00000135778,NTPCR,True,True,True
ENSG00000135932,CAB39,True,True,True
ENSG00000136045,PWP1,True,True,True
ENSG00000136152,COG3,True,True,True
ENSG00000136279,DBNL,True,True,True
ENSG00000136448,NMT1,True,True,True
ENSG00000136463,TACO1,True,True,True
ENSG00000136504,KAT7,True,True,True
ENSG00000136518,ACTL6A,True,True,True
ENSG00000136731,UGGT1,True,True,False
ENSG00000136827,TOR1A,True,True,False
ENSG00000136828,RALGPS1,True,True,True
ENSG00000136868,SLC31A1,True,True,False
ENSG00000136878,USP20,True,True,True
ENSG00000136935,GOLGA1,True,True,True
ENSG00000136936,XPA,True,True,True
ENSG00000136937,NCBP1,True,True,True
ENSG00000137204,SLC22A7,True,True,True
ENSG00000137413,TAF8,True,True,True
ENSG00000137692,DCUN1D5,True,True,False
ENSG00000137801,THBS1,True,True,False
ENSG00000137860,SLC28A2,True,True,False
ENSG00000137947,GTF2B,True,True,True
ENSG00000138035,PNPT1,True,True,True
ENSG00000138073,PREB,True,True,True
ENSG00000138134,STAMBPL1,True,True,False
ENSG00000138182,KIF20B,True,True,False
ENSG00000138386,NAB1,True,True,True
ENSG00000138442,WDR12,True,True,True
ENSG00000138495,COX17,True,True,False
ENSG00000138592,USP8,True,True,True
ENSG00000138593,SECISBP2L,True,True,False
ENSG00000138613,APH1B,True,True,True
ENSG00000138735,PDE5A,True,True,False
ENSG00000138768,USO1,True,False,False
ENSG00000138829,FBN2,True,True,True
ENSG00000139174,PRICKLE1,True,False,False
ENSG00000139505,MTMR6,True,True,True
ENSG00000139514,SLC7A1,True,True,False
ENSG00000139613,SMARCC2,True,True,True
ENSG00000139624,CERS5,True,True,True
ENSG00000139668,WDFY2,True,True,False
ENSG00000139675,HNRNPA1L2,True,True,True
ENSG00000139697,SBNO1,True,True,True
ENSG00000139797,RNF113B,True,True,False
ENSG00000139842,CUL4A,True,True,True
ENSG00000140199,SLC12A6,True,True,True
ENSG00000140350,ANP32A,True,True,False
ENSG00000140386,SCAPER,True,False,False
ENSG00000140395,WDR61,True,True,True
ENSG00000140553,UNC45A,True,True,True
ENSG00000140632,GLYR1,True,True,False
ENSG00000140650,PMM2,True,True,True
ENSG00000140688,C16orf58,True,True,False
ENSG00000140950,MEAK7,True,True,True
ENSG00000140983,RHOT2,True,True,True
ENSG00000140990,NDUFB10,True,True,True
ENSG00000141030,COPS3,True,True,True
ENSG00000141096,DPEP3,True,False,False
ENSG00000141384,TAF4B,True,True,True
ENSG00000141519,CCDC40,True,True,True
ENSG00000141556,TBCD,True,True,True
ENSG00000141577,CEP131,True,True,True
ENSG00000141736,ERBB2,True,False,False
ENSG00000141985,SH3GL1,True,True,True
ENSG00000142039,CCDC97,True,True,True
ENSG00000142082,SIRT3,True,True,False
ENSG00000142192,APP,True,False,False
ENSG00000142230,SAE1,True,True,False
ENSG00000142459,EVI5L,True,True,True
ENSG00000142507,PSMB6,True,True,True
ENSG00000142583,SLC2A5,True,True,True
ENSG00000142687,KIAA0319L,True,False,False
ENSG00000142751,GPN2,True,True,True
ENSG00000143155,TIPRL,True,True,True
ENSG00000143156,NME7,True,True,True
ENSG00000143252,SDHC,True,True,True
ENSG00000143379,SETDB1,True,True,True
ENSG00000143393,PI4KB,True,True,True
ENSG00000143434,SEMA6C,True,True,False
ENSG00000143476,DTL,True,False,False
ENSG00000143815,LBR,True,True,False
ENSG00000143919,CAMKMT,True,True,True
ENSG00000143942,CHAC2,True,True,True
ENSG00000144028,SNRNP200,True,True,True
ENSG00000144043,TEX261,True,True,False
ENSG00000144554,FANCD2,True,True,True
ENSG00000144580,CNOT9,True,True,True
ENSG00000144674,GOLGA4,True,True,True
ENSG00000144744,UBA3,True,True,True
ENSG00000145016,RUBCN,True,True,True
ENSG00000145050,MANF,True,True,True
ENSG00000145216,FIP1L1,True,True,True
ENSG00000145220,LYAR,True,True,True
ENSG00000145354,CISD2,True,True,False
ENSG00000145358,DDIT4L,True,True,False
ENSG00000145632,PLK2,True,True,False
ENSG00000145740,SLC30A5,True,True,True
ENSG00000145996,CDKAL1,True,False,False
ENSG00000146205,ANO7,True,False,False
ENSG00000146476,ARMT1,True,True,False
ENSG00000146574,CCZ1B,True,True,True
ENSG00000146729,NIPSNAP2,True,True,False
ENSG00000146757,ZNF92,True,True,False
ENSG00000146830,GIGYF1,True,True,True
ENSG00000147130,ZMYM3,True,True,False
ENSG00000147533,GOLGA7,True,True,True
ENSG00000147687,TATDN1,True,True,False
ENSG00000148019,CEP78,True,True,False
ENSG00000148175,STOM,True,True,True
ENSG00000148308,GTF3C5,True,False,False
ENSG00000148358,GPR107,True,True,True
ENSG00000148384,INPP5E,True,True,True
ENSG00000148690,FRA10AC1,True,True,False
ENSG00000148700,ADD3,True,True,False
ENSG00000148848,ADAM12,True,True,False
ENSG00000149089,APIP,True,True,True
ENSG00000149182,ARFGAP2,True,True,False
ENSG00000149262,INTS4,True,False,False
ENSG00000149292,TTC12,True,True,False
ENSG00000149474,KAT14,True,False,False
ENSG00000150672,DLG2,True,True,False
ENSG00000150768,DLAT,True,True,True
ENSG00000150967,ABCB9,True,True,True
ENSG00000151005,TKTL2,True,True,True
ENSG00000151012,SLC7A11,True,False,False
ENSG00000151164,RAD9B,True,False,False
ENSG00000151376,ME3,True,True,True
ENSG00000151503,NCAPD3,True,True,True
ENSG00000151665,PIGF,True,True,True
ENSG00000151962,RBM46,True,True,False
ENSG00000152086,TUBA3E,True,True,True
ENSG00000152133,GPATCH11,True,True,True
ENSG00000152404,CWF19L2,True,True,False
ENSG00000152926,ZNF117,True,False,False
ENSG00000152942,RAD17,True,True,True
ENSG00000153107,ANAPC1,True,True,True
ENSG00000153132,CLGN,True,True,False
ENSG00000153207,AHCTF1,True,True,False
ENSG00000153391,INO80C,True,True,False
ENSG00000153404,PLEKHG4B,True,False,False
ENSG00000153574,RPIA,True,True,True
ENSG00000153767,GTF2E1,True,True,True
ENSG00000153914,SREK1,True,True,False
ENSG00000153933,DGKE,True,True,True
ENSG00000154114,TBCEL,True,True,True
ENSG00000154265,ABCA5,True,True,False
ENSG00000154438,ASZ1,True,True,True
ENSG00000154611,PSMA8,True,True,True
ENSG00000154920,EME1,True,True,True
ENSG00000155329,ZCCHC10,True,True,False
ENSG00000155506,LARP1,True,True,False
ENSG00000155511,GRIA1,True,True,True
ENSG00000155561,NUP205,True,False,False
ENSG00000155636,RBM45,True,True,True
ENSG00000156253,RWDD2B,True,True,False
ENSG00000156414,TDRD9,True,True,True
ENSG00000156509,FBXO43,True,True,False
ENSG00000156521,TYSND1,True,True,True
ENSG00000156873,PHKG2,True,True,True
ENSG00000156958,GALK2,True,True,False
ENSG00000156976,EIF4A2,True,True,True
ENSG00000156983,BRPF1,True,True,True
ENSG00000157087,ATP2B2,True,False,False
ENSG00000157184,CPT2,True,False,False
ENSG00000157193,LRP8,True,True,False
ENSG00000157796,WDR19,True,True,False
ENSG00000157823,AP3S2,True,True,True
ENSG00000158158,CNNM4,True,True,True
ENSG00000158201,ABHD3,True,True,True
ENSG00000158428,CATIP,True,True,True
ENSG00000158445,KCNB1,True,False,False
ENSG00000158623,COPG2,True,True,True
ENSG00000158793,NIT1,True,True,False
ENSG00000158828,PINK1,True,True,True
ENSG00000159063,ALG8,True,True,True
ENSG00000159069,FBXW5,True,True,True
ENSG00000159079,CFAP298,True,True,True
ENSG00000159348,CYB5R1,True,True,True
ENSG00000159593,NAE1,True,True,True
ENSG00000159788,RGS12,True,True,False
ENSG00000160014,CALM3,True,True,True
ENSG00000160124,CCDC58,True,True,True
ENSG00000160188,RSPH1,True,True,True
ENSG00000160209,PDXK,True,True,True
ENSG00000160336,ZNF761,True,False,False
ENSG00000160471,COX6B2,True,True,False
ENSG00000160633,SAFB,True,True,True
ENSG00000160746,ANO10,True,True,False
ENSG00000160818,GPATCH4,True,True,True
ENSG00000160867,FGFR4,True,False,False
ENSG00000160917,CPSF4,True,True,True
ENSG00000160972,PPP1R16A,True,True,True
ENSG00000161204,ABCF3,True,True,False
ENSG00000161973,CCDC42,True,True,True
ENSG00000162066,AMDHD2,True,True,True
ENSG00000162298,SYVN1,True,True,True
ENSG00000162408,NOL9,True,True,True
ENSG00000162521,RBBP4,True,True,True
ENSG00000162639,HENMT1,True,True,True
ENSG00000162643,WDR63,True,True,True
ENSG00000162735,PEX19,True,True,True
ENSG00000162736,NCSTN,True,True,True
ENSG00000162782,TDRD5,True,True,False
ENSG00000162813,BPNT1,True,True,True
ENSG00000162927,PUS10,True,False,False
ENSG00000162959,MEMO1,True,True,False
ENSG00000163249,CCNYL1,True,True,True
ENSG00000163428,LRRC58,True,False,False
ENSG00000163468,CCT3,True,True,True
ENSG00000163521,GLB1L,True,True,False
ENSG00000163596,ICA1L,True,True,True
ENSG00000163634,THOC7,True,True,True
ENSG00000163637,PRICKLE2,True,False,False
ENSG00000163681,SLMAP,True,True,True
ENSG00000163684,RPP14,True,True,True
ENSG00000163703,CRELD1,True,True,False
ENSG00000163714,U2SURP,True,True,False
ENSG00000163798,SLC4A1AP,True,True,False
ENSG00000163877,SNIP1,True,False,False
ENSG00000163902,RPN1,True,True,True
ENSG00000163913,IFT122,True,True,True
ENSG00000163918,RFC4,True,True,True
ENSG00000163956,LRPAP1,True,True,False
ENSG00000164031,DNAJB14,True,True,False
ENSG00000164032,H2AFZ,True,True,False
ENSG00000164038,SLC9B2,True,True,True
ENSG00000164104,HMGB2,True,True,False
ENSG00000164109,MAD2L1,True,True,True
ENSG00000164134,NAA15,True,True,True
ENSG00000164331,ANKRA2,True,True,True
ENSG00000164398,ACSL6,True,True,False
ENSG00000164463,CREBRF,True,True,True
ENSG00000164687,FABP5,True,True,True
ENSG00000164818,DNAAF5,True,True,True
ENSG00000164934,DCAF13,True,True,True
ENSG00000165059,PRKACG,True,True,True
ENSG00000165338,HECTD2,True,True,True
ENSG00000165733,BMS1,True,True,True
ENSG00000165898,ISCA2,True,True,True
ENSG00000165916,PSMC3,True,True,True
ENSG00000166105,GLB1L3,True,True,False
ENSG00000166164,BRD7,True,True,True
ENSG00000166181,API5,True,True,True
ENSG00000166225,FRS2,True,False,False
ENSG00000166260,COX11,True,True,True
ENSG00000166548,TK2,True,True,False
ENSG00000166596,CFAP52,True,True,True
ENSG00000166598,HSP90B1,True,True,True
ENSG00000166800,LDHAL6A,True,True,True
ENSG00000166847,DCTN5,True,True,True
ENSG00000166881,NEMP1,True,True,False
ENSG00000166938,DIS3L,True,False,False
ENSG00000166965,RCCD1,True,False,False
ENSG00000167005,NUDT21,True,True,True
ENSG00000167112,TRUB2,True,True,True
ENSG00000167447,SMG8,True,True,True
ENSG00000167646,DNAAF3,True,True,True
ENSG00000167740,CYB5D2,True,True,True
ENSG00000167986,DDB1,True,True,True
ENSG00000168291,PDHB,True,True,True
ENSG00000168615,ADAM9,True,True,False
ENSG00000168781,PPIP5K1,True,True,True
ENSG00000168872,DDX19A,True,True,False
ENSG00000168936,TMEM129,True,True,False
ENSG00000169189,NSMCE1,True,True,True
ENSG00000169359,SLC33A1,True,True,False
ENSG00000169432,SCN9A,True,False,False
ENSG00000169609,C15orf40,True,True,True
ENSG00000169679,BUB1,True,True,True
ENSG00000170312,CDK1,True,True,True
ENSG00000170315,UBB,True,True,True
ENSG00000170540,ARL6IP1,True,True,True
ENSG00000170633,RNF34,True,True,True
ENSG00000170734,POLH,True,True,True
ENSG00000170791,CHCHD7,True,True,False
ENSG00000170876,TMEM43,True,True,False
ENSG00000171105,INSR,True,True,True
ENSG00000171109,MFN1,True,True,True
ENSG00000171135,JAGN1,True,True,True
ENSG00000171302,CANT1,True,True,True
ENSG00000171320,ESCO2,True,True,False
ENSG00000171467,ZNF318,True,True,False
ENSG00000171530,TBCA,True,True,False
ENSG00000171595,DNAI2,True,True,True
ENSG00000171989,LDHAL6B,True,True,True
ENSG00000172009,AC006538.1,True,True,False
ENSG00000172081,MOB3A,True,True,True
ENSG00000172239,PAIP1,True,True,True
ENSG00000172273,HINFP,True,True,False
ENSG00000172831,CES2,True,True,False
ENSG00000172936,MYD88,True,True,True
ENSG00000172939,OXSR1,True,True,False
ENSG00000172977,KAT5,True,True,True
ENSG00000173041,ZNF680,True,True,False
ENSG00000173120,KDM2A,True,True,True
ENSG00000173262,SLC2A14,True,True,False
ENSG00000173542,MOB1B,True,True,True
ENSG00000173599,PC,True,True,True
ENSG00000173653,RCE1,True,True,True
ENSG00000173692,PSMD1,True,True,True
ENSG00000173930,SLCO4C1,True,False,False
ENSG00000173933,RBM4,True,True,False
ENSG00000173992,CCS,True,False,False
ENSG00000174547,MRPL11,True,True,True
ENSG00000174799,CEP135,True,True,True
ENSG00000174851,YIF1A,True,True,True
ENSG00000174903,RAB1B,True,True,True
ENSG00000175137,SH3BP5L,True,True,False
ENSG00000175193,PARL,True,True,True
ENSG00000175305,CCNE2,True,True,True
ENSG00000175309,PHYKPL,True,False,False
ENSG00000175470,PPP2R2D,True,True,True
ENSG00000175606,TMEM70,True,True,False
ENSG00000176018,LYSMD3,True,True,True
ENSG00000176102,CSTF3,True,True,True
ENSG00000176148,TCP11L1,True,True,False
ENSG00000176915,ANKLE2,True,True,True
ENSG00000177143,CETN1,True,True,False
ENSG00000177169,ULK1,True,True,True
ENSG00000177192,PUS1,True,True,True
ENSG00000177239,MAN1B1,True,True,True
ENSG00000177666,PNPLA2,True,True,True
ENSG00000177728,TMEM94,True,True,True
ENSG00000178031,ADAMTSL1,True,True,True
ENSG00000178997,EXD1,True,True,False
ENSG00000179218,CALR,True,True,True
ENSG00000179262,RAD23A,True,True,True
ENSG00000179598,PLD6,True,True,False
ENSG00000179912,R3HDM2,True,True,False
ENSG00000180233,ZNRF2,True,True,True
ENSG00000181450,ZNF678,True,True,False
ENSG00000181991,MRPS11,True,True,True
ENSG00000182087,TMEM259,True,True,False
ENSG00000182208,MOB2,True,True,True
ENSG00000182446,NPLOC4,True,True,True
ENSG00000182903,ZNF721,True,True,False
ENSG00000182919,C11orf54,True,True,True
ENSG00000183048,SLC25A10,True,True,False
ENSG00000183207,RUVBL2,True,True,True
ENSG00000183617,MRPL54,True,True,True
ENSG00000184164,CRELD2,True,True,True
ENSG00000184381,PLA2G6,True,True,True
ENSG00000184428,TOP1MT,True,True,True
ENSG00000184635,ZNF93,True,False,False
ENSG00000184903,IMMP2L,True,True,True
ENSG00000185019,UBOX5,True,True,True
ENSG00000185024,BRF1,True,True,True
ENSG00000185049,NELFA,True,True,True
ENSG00000185104,FAF1,True,True,True
ENSG00000185163,DDX51,True,False,False
ENSG00000185551,NR2F2,True,True,True
ENSG00000185608,MRPL40,True,True,True
ENSG00000185697,MYBL1,True,True,False
ENSG00000186185,KIF18B,True,True,True
ENSG00000186452,TMPRSS12,True,True,False
ENSG00000186487,MYT1L,True,False,False
ENSG00000187231,SESTD1,True,True,True
ENSG00000187240,DYNC2H1,True,True,True
ENSG00000187535,IFT140,True,True,True
ENSG00000187775,DNAH17,True,False,False
ENSG00000188171,ZNF626,True,False,False
ENSG00000188229,TUBB4B,True,True,True
ENSG00000188612,SUMO2,True,True,True
ENSG00000188878,FBF1,True,True,False
ENSG00000188895,MSL1,True,False,False
ENSG00000189306,RRP7A,True,True,False
ENSG00000196072,BLOC1S2,True,True,True
ENSG00000196155,PLEKHG4,True,True,False
ENSG00000196177,ACADSB,True,True,True
ENSG00000196268,ZNF493,True,False,False
ENSG00000196312,MFSD14C,True,False,False
ENSG00000196367,TRRAP,True,True,True
ENSG00000196381,ZNF781,True,False,False
ENSG00000196482,ESRRG,True,True,False
ENSG00000196547,MAN2A2,True,True,True
ENSG00000196605,ZNF846,True,True,False
ENSG00000196670,ZFP62,True,True,False
ENSG00000196705,ZNF431,True,True,False
ENSG00000196876,SCN8A,True,False,False
ENSG00000197181,PIWIL2,True,True,True
ENSG00000197299,BLM,True,True,True
ENSG00000197312,DDI2,True,True,False
ENSG00000197375,SLC22A5,True,True,False
ENSG00000197818,SLC9A8,True,True,True
ENSG00000197826,CFAP299,True,True,False
ENSG00000198001,IRAK4,True,True,True
ENSG00000198033,TUBA3C,True,True,True
ENSG00000198176,TFDP1,True,True,True
ENSG00000198464,ZNF480,True,False,False
ENSG00000198513,ATL1,True,True,True
ENSG00000198546,ZNF511,True,True,False
ENSG00000198707,CEP290,True,True,True
ENSG00000198952,SMG5,True,True,True
ENSG00000203666,EFCAB2,True,True,True
ENSG00000204262,COL5A2,True,False,False
ENSG00000204611,ZNF616,True,False,False
ENSG00000205302,SNX2,True,True,True
ENSG00000205981,DNAJC19,True,True,True
ENSG00000206077,ZDHHC11B,True,True,True
ENSG00000211460,TSN,True,True,True
ENSG00000213020,ZNF611,True,True,False
ENSG00000213420,GPC2,True,True,True
ENSG00000213625,LEPROT,True,True,True
ENSG00000213973,ZNF99,True,False,False
ENSG00000213995,NAXD,True,True,True
ENSG00000214087,ARL16,True,True,False
ENSG00000214652,ZNF727,True,False,False
ENSG00000215041,NEURL4,True,True,False
ENSG00000215305,VPS16,True,True,True
ENSG00000217128,FNIP1,True,True,True
ENSG00000229676,ZNF492,True,False,False
ENSG00000230510,PPP5D1,True,True,False
ENSG00000234444,ZNF736,True,True,False
ENSG00000234616,JRK,True,True,False
ENSG00000240038,AMY2B,True,True,False
ENSG00000244005,NFS1,True,True,True
ENSG00000255150,EID3,True,True,True
ENSG00000256061,DNAAF4,True,True,True
ENSG00000256229,ZNF486,True,False,False
ENSG00000266173,STRADA,True,True,True
ENSG00000267041,ZNF850,True,False,False
ENSG00000269858,EGLN2,True,True,True
ENSG00000272333,KMT2B,True,True,True
ENSG00000272514,CFAP206,True,True,True
ENSG00000273749,CYFIP1,True,True,True
